{"piece_activity": 0.8436264080471931, "king_safety": 0.6940788280824924, "pawn_structure": 0.8844555168844483, "center_control": 1.3935222553935815}