{"piece_activity": 0.9861845957884893, "king_safety": 0.8223072628266777, "pawn_structure": 0.713323201413893, "center_control": 1.1070822880522306}