{"piece_activity": 0.6371883814722131, "king_safety": 0.4827033036097647, "pawn_structure": 1.0503525126859758, "center_control": 1.8410653454954073}