{"piece_activity": 1.013760992085775, "king_safety": 0.8540842829519038, "pawn_structure": 0.7235322691122603, "center_control": 1.1008806639359783}