
{"piece_activity": 0.9967249196995476, "king_safety": 0.8198537840406058, "pawn_structure": 0.7045151800973375, "center_control": 1.1069417722558255}

