{"piece_activity": 0.9966688384787755, "king_safety": 0.834701349889995, "pawn_structure": 0.7262961294283299, "center_control": 1.1177780876624603}