{
  "piece_activity": 0.8345001068970801,
  "king_safety": 0.6629369614458844,
  "pawn_structure": 0.8858716542651135,
  "center_control": 1.4392630459140119
}
