{"piece_activity": 0.9957281933341762, "king_safety": 0.8550010410991884, "pawn_structure": 0.7323067614525156, "center_control": 1.1033055346435754}