{"piece_activity": 0.5754871356176817, "king_safety": 0.4759754994921392, "pawn_structure": 0.9248220731489601, "center_control": 1.8424211979288574}