{"piece_activity": 0.6200435841146512, "king_safety": 0.47738800416377103, "pawn_structure": 1.0490114162768438, "center_control": 1.8406151953137149}