{"piece_activity": 0.5641003444563119, "king_safety": 0.4670273652212598, "pawn_structure": 0.9325902325971, "center_control": 1.8469668757590079}