{"piece_activity": 0.7944174662590818, "king_safety": 0.7444841458839149, "pawn_structure": 0.933040877316465, "center_control": 1.395849105327838}