{"piece_activity": 1.0423743969561055, "king_safety": 0.8716763476755078, "pawn_structure": 0.7242067019332565, "center_control": 1.0511461629009426}