{"piece_activity": 0.8057007564818559, "king_safety": 0.7229620375656092, "pawn_structure": 0.9139478891276904, "center_control": 1.4107827582927173}