{"piece_activity": 0.8007009483299523, "king_safety": 0.7322398025082186, "pawn_structure": 0.9178079500592081, "center_control": 1.4081305770321704}