{"piece_activity": 0.9926530545983414, "king_safety": 0.8349430453110054, "pawn_structure": 0.7235866689594576, "center_control": 1.1080987457936482}